registration_date,name,email,password,address,birthday_date,info,phone,skype
2019-08-10,Karrie Buttress,kbuttress0@1und1.de,JcfoKBYAB4k,38737 Moose Avenue,1989-11-11,"In est risus, auctor sed, tristique in, tempus sit amet, sem. Fusce consequat.",64574473047,high-level
2018-12-21,Bob Aymer,baymer1@hp.com,ZEE54kg,738 Hagan Lane,1989-03-05,Pellentesque ultrices mattis odio.,75531015353,mobile
2019-07-25,Zilvia Boulding,zboulding2@macromedia.com,VJyMV1Zat,758 Old Shore Parkway,1989-12-30,Morbi a ipsum. Integer a nibh. In quis justo.,16371407508,Re-engineered
2018-11-13,Emalee Mollon,emollon3@bloglovin.com,XUIeJ693h,11 Dovetail Junction,0629-03-03,Suspendisse potenti.,21468788926,Grass-roots
2019-07-20,Maria Mulberry,mmulberry4@cmu.edu,oWspnl,050 Bowman Alley,1989-04-08,"Morbi quis tortor id nulla ultrices aliquet. Maecenas leo odio, condimentum id, luctus nec, molestie sed, justo.",62931646367,fault-tolerant
2019-02-12,Levey By,lby5@mozilla.com,GdtcUU,5 Iowa Avenue,1989-04-18,"Maecenas tristique, est et tempus semper, est quam pharetra magna, ac consequat metus sapien ut nunc. Vestibulum ante ipsum primis in faucibus orci luctus et ultrices posuere cubilia Curae; Mauris viverra diam vitae quam.",63271348718,Team-oriented
2019-05-03,Baron Eates,beates6@last.fm,UQw6VeA,87119 Northland Hill,1989-03-20,Sed vel enim sit amet nunc viverra dapibus. Nulla suscipit ligula in lacus.,41056175169,portal
2019-01-13,Trip Vink,tvink7@fotki.com,49znXd7haFGz,6823 Lillian Point,1989-12-13,"Pellentesque viverra pede ac diam. Cras pellentesque volutpat dui. Maecenas tristique, est et tempus semper, est quam pharetra magna, ac consequat metus sapien ut nunc.",72882384431,intermediate
2019-09-15,Boonie Terbeck,bterbeck8@about.me,unCjJTF7sjs,43 Marquette Plaza,1989-01-14,Morbi ut odio.,69043821394,local area network
2018-12-19,Alonzo Traviss,atraviss9@auda.org.au,dLuVMAg,5303 Village Green Hill,1989-02-03,"Suspendisse ornare consequat lectus. In est risus, auctor sed, tristique in, tempus sit amet, sem. Fusce consequat.",28396220507,upward-trending
2019-03-24,Natassia Wittering,nwitteringa@google.com.br,tQlUG4n,67399 Reindahl Place,1989-05-23,Phasellus sit amet erat. Nulla tempus. Vivamus in felis eu sapien cursus vestibulum.,83344513307,grid-enabled
2019-09-27,Felice Brooke,fbrookeb@nba.com,s9y9Mcfgy1g,45 Twin Pines Hill,1989-07-06,"Vivamus metus arcu, adipiscing molestie, hendrerit at, vulputate vitae, nisl. Aenean lectus. Pellentesque eget nunc.",64890419671,background
2018-12-06,Carlen Viccary,cviccaryc@amazon.co.uk,9qd747vh,46 Sheridan Place,1903-04-16,Quisque ut erat. Curabitur gravida nisi at nibh. In hac habitasse platea dictumst.,23005580487,challenge
2018-11-18,Hendrik Gethings,hgethingsd@sogou.com,zzN5c4,73 Kedzie Terrace,1989-11-07,Pellentesque at nulla. Suspendisse potenti. Cras in purus eu magna vulputate luctus.,27052074771,coherent
2018-10-14,Dunc Girodias,dgirodiase@stanford.edu,j9QW6GQI,85509 Ludington Drive,1989-02-13,Cras pellentesque volutpat dui.,14800371520,neutral
2019-05-03,Bibbie Tanman,btanmanf@smh.com.au,1aukKNEIneq,67 Northwestern Center,1989-07-07,Aliquam erat volutpat. In congue.,75569924500,Programmable
2018-12-25,Barnabas Bartoletti,bbartolettig@simplemachines.org,3chTNtqhoo,725 Eagle Crest Hill,1989-09-29,"Nulla ac enim. In tempor, turpis nec euismod scelerisque, quam turpis adipiscing lorem, vitae mattis nibh ligula nec sem. Duis aliquam convallis nunc.",37349256497,encompassing
2019-04-07,Nixie Cullip,nculliph@fc2.com,2UdKIR2f,507 Graceland Junction,1989-03-19,Suspendisse potenti.,12403580562,knowledge base
2019-07-18,Matilde Pimblott,mpimblotti@xing.com,nGZ8disdg,92 Gina Park,1989-09-29,Phasellus sit amet erat.,40139478003,dynamic
2018-11-25,Al Skurray,askurrayj@un.org,bL9tAf,8 Ridgeview Trail,1989-12-21,Cras pellentesque volutpat dui.,76657531985,solution
